Verkehrsstation	BST Code	BST ID	Produktnummer 2026	Anmerkung	Bundesland (inkl. Liechtenstein)
Abfaltersbach	Abf H1	5517155	3.d		Tirol
Absdorf-Hippersdorf	Ah	17	3.c		Niederösterreich
Achau	Ach	11	3.c		Niederösterreich
Achenlohe	Nst H4H	499	3.d		Oberösterreich
Achleitnersiedlung	Puw H1A	1787	3.d		Oberösterreich
Admont	Ad	12	3.d	Bestellung als Bedarfshalt iSd. § 121 EisbBBV gem. EisbSV nicht möglich	Steiermark
Aich-Assach	Grb H2	688	3.d		Steiermark
Aigen-Schlägl	Ai	24	3.d		Oberösterreich
Aisthofen	P   H1	1652	3.d		Oberösterreich
Allentsteig	All	41	3.d		Niederösterreich
Allerheiligenhöfe	Ih  H1	938	3.d		Tirol
Allerheiligen-Mürzhofen	Ki  H1	1033	3.d		Steiermark
Alling-Tobisegg	Lnn H2	1253	3.d		Steiermark
Altach	Got H1	676	3.c		Vorarlberg
Altenhof	Plk H1	1716	3.d		Niederösterreich
Altenmarkt im Pongau	Rad K1	1810	3.d	Bestellung als Bedarfshalt iSd. § 121 EisbBBV gem. EisbSV nicht möglich	Salzburg
Altenstadt	Fk  H1N	455	3.d		Vorarlberg
Altmünster am Traunsee	Er	376	3.d	Bestellung als Bedarfshalt iSd. § 121 EisbBBV gem. EisbSV nicht möglich	Oberösterreich
Amstetten	Ams	55	3.c		Niederösterreich
Andorf	Af	13	3.d		Oberösterreich
Angern	Ag	15	3.c		Niederösterreich
Annenheim	Saf H1	1932	3.d		Kärnten
Ansfelden	T   H1	2192	3.d		Oberösterreich
Antiesenhofen	Ant	66	3.d	Bestellung als Bedarfshalt iSd. § 121 EisbBBV gem. EisbSV nicht möglich	Oberösterreich
Arbing	Arb	80	3.d		Oberösterreich
Ardning	Ar	79	3.d		Steiermark
Arnoldstein	Dr	296	3.d		Kärnten
Aschbach Haltestelle	Ams H2	1265643	3.d		Niederösterreich
Aspang Markt	Ap	75	3.d		Niederösterreich
Asten-Fisching	Ens H1	1397220	3.c		Oberösterreich
Attnang-Puchheim	At	91	3.b		Oberösterreich
Atzenbrugg	Tfd H2	1387	3.d		Niederösterreich
Aurachkirchen	Ak	34	3.d		Oberösterreich
Aurolzmünster	Rd  H2M	1826	3.d		Oberösterreich
Ausschlag-Zöbern	Auz	99	3.d		Niederösterreich
Bad Aussee	Au	97	3.d		Steiermark
Bad Blumau	Seb H3	1975	3.d		Steiermark
Bad Deutsch Altenburg	Bde	143	3.d		Niederösterreich
Bad Erlach	Ela	359	3.d		Niederösterreich
Bad Fischau	Fwa H1	442	3.d		Niederösterreich
Bad Fischau-Brunn	Fib	440	3.d		Niederösterreich
Bad Gastein	Bag	121	3.c		Salzburg
Bad Goisern	Stg H1	666	3.d		Oberösterreich
Bad Hofgastein	Hg	826	3.c		Salzburg
Bad Ischl	Il	940	3.d		Oberösterreich
Bad Mitterndorf	Bam	127	3.d		Steiermark
Bad Mitterndorf-Heilbrunn	Bam H1	128	3.d		Steiermark
Bad Radkersburg	Ra	1805	3.d		Steiermark
Bad Ried	Rd  H1M	1825	3.d		Oberösterreich
Bad Sauerbrunn	Sau	1939	3.d		Burgenland
Bad Schallerbach-Wallern	Wa	2365	3.c		Oberösterreich
Bad Schwanberg	Dlb H2	2175	3.d		Steiermark
Bad Vigaun	Hl  H2A	843	3.c		Salzburg
Bad Vöslau	Bvs	253	3.c		Niederösterreich
Bad Waltersdorf	Seb H1	1973	3.d		Steiermark
Baden	Bf  H1	149	3.c		Niederösterreich
Bärnbach	Vob K3	131	3.d		Steiermark
Baumgartenberg	Bb	130	3.d		Oberösterreich
Berg im Drautal	De  H1	273	3.d		Kärnten
Bergern	Otg H1	1644	3.d		Oberösterreich
Berndorf Fabrik	Tf	2214	3.d		Niederösterreich
Berndorf Stadt	Tf  H1	2215	3.d		Niederösterreich
Bernhardsthal	Beh	145	3.d		Niederösterreich
Bichlbach-Almkopfbahn	Bch H1H	1262120	3.d		Tirol
Bichlbach-Berwang	Bch	139	3.d		Tirol
Bierbaum	Bib	170	3.d	Bestellung als Bedarfshalt iSd. § 121 EisbBBV gem. EisbSV nicht möglich	Steiermark
Bisamberg	F   H3S	960	3.d		Niederösterreich
Bischofshofen	Bo	199	3.c		Salzburg
Bleiburg/Pliberk	Ble	173	3.c		Kärnten
Bleiburg Stadt/Pliberk mesto	Blg	388	3.d		Kärnten
Blindenmarkt	Kar H2	177	3.c		Niederösterreich
Bludenz	B	116	3.c		Vorarlberg
Böckstein	Bs	235	3.d	nur Verkehre der Autoschleuse Tauernbahn	Salzburg
Böheimkirchen	Bh	163	3.c		Niederösterreich
Böhlerwerk a.d.Ybbs	Hk  H3	1889	3.d		Niederösterreich
Braunau am Inn	Bru	231	3.c		Oberösterreich
Bregenz	Bg	154	3.b		Vorarlberg
Bregenz Hafen	Bg  H1	155	3.d		Vorarlberg
Breitenbrunn	Pur H1H	224	3.d		Burgenland
Breiteneich bei Horn	Sh  H1H	2010	3.d		Niederösterreich
Breitenschützing	Bre	214	3.d		Oberösterreich
Breitensee N.Ö.	Sfl H1	1996	3.d		Niederösterreich
Breitenstein	Bt	248	3.d		Niederösterreich
Breitenwaida	Gr  H1	680	3.d		Niederösterreich
Brixen im Thale	Kit H1	1049	3.d		Tirol
Brixlegg	Bri	217	3.c		Tirol
Bruck a.d.Leitha	Bl	172	3.c		Niederösterreich
Bruck a.d.Mur	Bm	188	3.b		Steiermark
Bruck-Fusch	Brf	215	3.c		Salzburg
Brunn a.d.Pitten	Ela H1	360	3.d		Niederösterreich
Brunn an der Schneebergbahn	Fib H1	441	3.d		Niederösterreich
Brunn-Maria Enzersdorf	Bu	252	3.c		Niederösterreich
Buchberg	Gas H1	555	3.d	Ab Netzfahrplanperiode 2027 wird die Station voraussichtlich nicht mehr angeboten.	Niederösterreich
Dechantskirchen	Fd  H1H	415	3.d		Steiermark
Dellach im Drautal	De	272	3.d		Kärnten
Deutsch Wagram	Wg	2447	3.c		Niederösterreich
Deutschkreutz	Dk	278	3.d		Burgenland
Deutschlandsberg Stadt	Dlb	281	3.c		Steiermark
Dietmannsdorf	Bgl H1	158	3.d		Steiermark
Dietrichshofen	Ant H1	69	3.d		Oberösterreich
Dölsach	Doe	291	3.d		Tirol
Donnerskirchen	Sag H2	1778	3.d		Burgenland
Dorf a.d.Enns	Ern H1	384	3.d		Niederösterreich
Dorfgastein	Dg	275	3.d		Salzburg
Dornach	Gbk H1	561	3.d		Oberösterreich
Dornbirn	Do	285	3.b		Vorarlberg
Dornbirn-Schoren	Hos H2	887	3.c		Vorarlberg
Dreistetten	Pie H1	1706	3.d		Niederösterreich
Drösing	Drg	299	3.d		Niederösterreich
Dürnbach	Lf  H1	1202	3.d		Oberösterreich
Dürnberg	Puw H1	1786	3.d		Oberösterreich
Dürnkrut	Due	301	3.d		Niederösterreich
Dürrwien	Pm  H2	1720	3.d		Niederösterreich
Eben im Pongau	Ebn	307	3.d		Salzburg
Ebenfurth	Ef	325	3.d		Niederösterreich
Ebensee	En	363	3.d	Bestellung als Bedarfshalt iSd. § 121 EisbBBV gem. EisbSV nicht möglich	Oberösterreich
Ebensee Landungsplatz	En  H1	364	3.d		Oberösterreich
Eberschwang	Otg H4	390	3.d		Oberösterreich
Ebreichsdorf	Ebr	309	3.c		Niederösterreich
Edlitz-Grimmenstein	Edl	321	3.d		Niederösterreich
Eggenburg	Egg	336	3.d		Niederösterreich
Ehrenhausen	Rzn H1	1910	3.d		Steiermark
Ehrwald-Zugspitzbahn	Eh	340	3.d		Tirol
Eichberg	Eib	341	3.d		Niederösterreich
Eichgraben-Altlengbach	Rw  H1	1905	3.c		Niederösterreich
Eisenstadt	E	305	3.d		Burgenland
Eisenstadt Schule	Esu	389	3.d		Burgenland
Elsbethen	Aj  H2	27	3.d		Salzburg
Emmersdorf	Noe H1	1565	3.d		Kärnten
Enns	Ens	370	3.c		Oberösterreich
Ennsdorf	Sv  H1	2152	3.d		Niederösterreich
Enzersdorf bei Staatz	Enz	373	3.d		Niederösterreich
Enzesfeld-Lindabrunn	Ez	394	3.d		Niederösterreich
Erlauf	Erf	379	3.d	Bestellung als Bedarfshalt iSd. § 121 EisbBBV gem. EisbSV nicht möglich	Niederösterreich
Ernsthofen	Ern	383	3.d		Niederösterreich
Eschenau	Ld  H1	1176	3.d	Ab Netzfahrplanperiode 2027 wird die Station voraussichtlich nicht mehr angeboten.	Salzburg
Etsdorf-Straß	Edo	324	3.d		Niederösterreich
Eugendorf	See H2	1977	3.d		Salzburg
Faak am See	Fas	403	3.d		Kärnten
Fehring	Feg	418	3.c		Steiermark
Feldbach	Fb	404	3.c		Steiermark
Feldkirch	Fk	448	3.b		Vorarlberg
Feldkirch-Amberg	Fk  H1	454	3.d		Vorarlberg
Feldkirchen in Kärnten	Fel	426	3.d		Kärnten
Feldkirchen-Seiersberg	Pu  H1A	542	3.c		Steiermark
Felixdorf	Fld	462	3.c		Niederösterreich
Fels	Fs	506	3.d		Niederösterreich
Fentsch-St.Lorenzen	Fes	429	3.d		Steiermark
Ferndorf	Ro  H1	1872	3.d		Kärnten
Feuerwerksanstalt	Fwa	443	3.d		Niederösterreich
Fieberbrunn	Hch H2	444	3.d		Tirol
Finkenstein	Vu  H2	2338	3.d		Kärnten
Fischamend	Fam	402	3.d		Niederösterreich
Flaurling	Zl  K1	2570	3.d		Tirol
Flughafen Graz Feldkirchen	Pu  H1	1770	3.d		Steiermark
Flughafen Wien	Fws	528	3.c		Niederösterreich
Föderlach	Foe	482	3.d		Kärnten
Forst Hilti	Nd  H1	2618	3.d		Liechtenstein
Franckstraße	Lfs	1204	3.d		Oberösterreich
Frankenmarkt	Fm	474	3.d		Oberösterreich
Frastanz	Fa	401	3.d		Vorarlberg
Frättingsdorf	Ft	510	3.d		Niederösterreich
Frauental-Bad Gams	Frt	505	3.d		Steiermark
Freistadt	Fr	486	3.d		Oberösterreich
Friedberg	Fd	412	3.d		Steiermark
Friedburg	Nsf	496	3.d		Oberösterreich
Friesach	Fi	433	3.c		Kärnten
Fritzens-Wattens	Fw	517	3.d		Tirol
Frohnleiten	Fro	502	3.c		Steiermark
Fürnitz	Fn	481	3.d		Kärnten
Fürstenfeld	Fue	512	3.d	Bestellung als Bedarfshalt iSd. § 121 EisbBBV gem. EisbSV nicht möglich	Steiermark
Furth-Göttweig	Fh  H1	431	3.d		Niederösterreich
Furth-Palt	Fh	430	3.d		Niederösterreich
Gaflenz	Ob  H2	1599	3.d		Oberösterreich
Gaisbach-Wartberg	Ga	545	3.d		Oberösterreich
Gaisfeld	Kro H1	1088	3.d	Ab Netzfahrplanperiode 2026 wird die Station nicht mehr angeboten.	Steiermark
Gaishorn	Gai	553	3.d		Steiermark
Gaisruck	Hui H1	2143	3.d		Niederösterreich
Gänserndorf	Gae	547	3.c		Niederösterreich
Garsten	Gst	716	3.d		Oberösterreich
Gars-Thunau	Gas	554	3.d		Niederösterreich
Gattendorf	Gtt	726	3.d		Burgenland
Gedersdorf	Hfa H1H	822	3.d		Niederösterreich
Geinberg	Gur H1	746	3.d		Oberösterreich
Geiselbergstraße	Sah H1	1251761	3.c		Wien
Gemeinlebarn	Mos H3	1449	3.d		Niederösterreich
Gerasdorf	Gef	570	3.c		Niederösterreich
Gerling im Pinzgau	Z   H1	2544	3.d	Ab Netzfahrplanperiode 2027 wird die Station voraussichtlich nicht mehr angeboten.	Salzburg
Gerling OÖ	Rog H2	1880	3.d		Oberösterreich
Gersthof	Ht  H3	904	3.c		Wien
Getzersdorf	Tra H1	2252	3.d		Niederösterreich
Gießenbach	Set K1	1993	3.d		Tirol
Gisingen	Fk  H2N	456	3.d		Vorarlberg
Glandorf	Vps H1	2347	3.d		Kärnten
Glanegg	Gla	618	3.d		Kärnten
Gleisdorf	Gld	620	3.c		Steiermark
Gleißenfeld	Ses H1	1990	3.d		Niederösterreich
Glinzendorf	Raf H1	1813	3.d		Niederösterreich
Gloggnitz	Glo	626	3.c		Niederösterreich
Gmünd N.Ö.	Gm	630	3.c		Niederösterreich
Gmunden	Gz	752	3.d		Oberösterreich
Gniebing	Stu H2	2137	3.d		Steiermark
Gobelsburg	Lis H1	1235	3.d		Niederösterreich
Gödersdorf	Vu  H1	2337	3.d		Kärnten
Goisern Jodschwefelbad	Gj	599	3.d		Oberösterreich
Göllersdorf	Gr	679	3.d		Niederösterreich
Golling-Abtenau	Gg	585	3.c		Salzburg
Göpfritz	Gf	580	3.d		Niederösterreich
Gopperding	Ant H3	2240	3.d		Oberösterreich
Görtschach-Förolach	Ssv H1	723	3.d		Kärnten
Gosdorf	Gof	662	3.d		Steiermark
Götzendorf	Goe	654	3.d		Niederösterreich
Götzis	Got	674	3.d		Vorarlberg
Grafendorf	Gd	562	3.d		Steiermark
Grafenstein	Gra	683	3.c		Kärnten
Gramatneusiedl	Gn	642	3.c		Niederösterreich
Gratwein-Gratkorn	Gw	747	3.d		Steiermark
Graz Don Bosco	Gdb	2566531	3.c		Steiermark
Graz Hbf	G	541	3.a		Steiermark
Graz Köflacherbf	Gkf	608	3.c		Steiermark
Graz Liebenau-Murpark	Gob H1	1730	3.d		Steiermark
Graz Ostbf-Messe	Gob	652	3.c		Steiermark
Graz Puntigam	Pu	1769	3.c		Steiermark
Graz Straßgang	Sgg	2001	3.d		Steiermark
Graz Webling	Gkf H2	611	3.d		Steiermark
Graz Wetzelsdorf	Gkf H1	610	3.d		Steiermark
Greifenburg-Weißensee	Gre	689	3.d		Kärnten
Greifenstein-Altenberg	Kz  H2	1119	3.d		Niederösterreich
Grein Stadt	Ges	579	3.d		Oberösterreich
Grein-Bad Kreuzen	Gbk	560	3.d		Oberösterreich
Greinsfurth	Ams H1U	59	3.d		Niederösterreich
Gries	Sti K1	2112	3.d		Tirol
Gries im Pinzgau	Ta  H1	2197	3.d		Salzburg
Grieskirchen-Gallspach	Gk	601	3.c		Oberösterreich
Grieswirt	Hch H3	445	3.d		Tirol
Gröbming	Grb	686	3.d		Steiermark
Groß Sierning	Sie	1676	3.d		Niederösterreich
Groß St.Florian	Gfl	584	3.d		Steiermark
Großendorf	Gdf	563	3.d		Oberösterreich
Großraming	Rei H2	700	3.d		Oberösterreich
Großweikersdorf	Wk	2472	3.d		Niederösterreich
Grünau im Almtal	Gue	736	3.d		Oberösterreich
Grünbach am Schneeberg	Gru	706	3.d		Niederösterreich
Grünbach Kohlenwerk	Gru H2	709	3.d		Niederösterreich
Grünbach Schule	Gru H1	708	3.d		Niederösterreich
Gstatterboden im Nationalpark	Gb	557	3.d	Bestellung als Bedarfshalt iSd. § 121 EisbBBV gem. EisbSV nicht möglich	Steiermark
Gumpoldskirchen	Md  H2	1379	3.d		Niederösterreich
Gunskirchen	Gun	742	3.d		Oberösterreich
Guntersdorf	Gud	734	3.d		Niederösterreich
Guntramsdorf Thallern	Md  H1	1378	3.d		Niederösterreich
Guntramsdorf-Kaiserau Haltestelle	Guk H1	740	3.d		Niederösterreich
Gurten	Gur	745	3.d		Oberösterreich
Gussendorf	Wtt H1	1790	3.d		Steiermark
Gutenstein	Gt	722	3.d		Niederösterreich
Hadersdorf am Kamp	Hfa	820	3.c		Niederösterreich
Hagenau im Innkreis	Mig H1	1419	3.d		Oberösterreich
Haiding	Had	768	3.d		Oberösterreich
Haiming	Siz H1	2019	3.d		Tirol
Hainburg a.d.Donau Kulturfabrik	Hai	775	3.d		Niederösterreich
Hainburg a.d.Donau Personenbf	Hai H1	777	3.d		Niederösterreich
Hainburg a.d.Donau Ungartor	Hai H2	778	3.d		Niederösterreich
Hainfeld	Hn	852	3.d		Niederösterreich
Halbenrain	Hal	780	3.d		Steiermark
Hall in Tirol	H	754	3.c		Tirol
Hallein	Hl	842	3.c		Salzburg
Hallein Burgfried	Hl  H1A	1402934	3.c		Salzburg
Hallstatt	Oa  H1	1596	3.d		Oberösterreich
Hall-Thaur	H   H1	4872531	3.c		Tirol
Hallwang-Elixhausen	Hw	920	3.c		Salzburg
Handelskai	Nw  H2	1586	3.c		Wien
Handelskai	Hak	779	3.d		Wien
Hard-Fussach	Hfu	2298	3.c		Vorarlberg
Hart bei Graz	Mes H2	4609072	3.d		Steiermark
Hart im Innkreis	Mn  H1	1441	3.d		Oberösterreich
Hartberg	Har	781	3.d		Steiermark
Haselstauden	Do  H1	286	3.d		Vorarlberg
Haslach	Hah	774	3.d	Bestellung als Bedarfshalt iSd. § 121 EisbBBV gem. EisbSV nicht möglich	Oberösterreich
Haslau an der Donau	Hlu	850	3.d		Niederösterreich
Hatlerdorf	Hos H1	886	3.d		Vorarlberg
Hatting	Zl  H2	2569	3.d		Tirol
Hatzendorf	Sou H2	2053	3.d		Steiermark
Haus	Hau	784	3.d		Steiermark
Hausleiten	Hui	2144	3.d		Niederösterreich
Hausruck	Otg H3	896	3.d		Oberösterreich
Hautzendorf	Snb H1	2041	3.d		Niederösterreich
Heinfels	Sil H1H	5517158	3.d		Tirol
Heiterwang-Plansee	Bch H2H	140	3.d		Tirol
Helmahof	Wg  H1	2448	3.d		Niederösterreich
Hengsberg	Hen	4609057	3.d		Steiermark
Hennersdorf	Hnd	856	3.c		Niederösterreich
Hermagor	Her	799	3.d		Kärnten
Hernals	Hns	857	3.c		Wien
Herzogenburg	Ho	858	3.c		Niederösterreich
Herzogenburg Stadt	Tra H2	2253	3.d		Niederösterreich
Herzogenburg-Wielandsthal	Stf H1	2103	3.d		Niederösterreich
Herzograd	Sv  H1E	2153	-	Interessentenhaltestelle	Niederösterreich
Hetzmannsdorf-Wullersdorf	Hm	851	3.d		Niederösterreich
Hieflau	Hi	832	3.d		Steiermark
Hilm-Kematen	Hk	839	3.d		Niederösterreich
Himberg	Him	835	3.d		Niederösterreich
Hinterstoder	Hst	899	3.d	Bestellung als Bedarfshalt iSd. § 121 EisbBBV gem. EisbSV nicht möglich	Oberösterreich
Hirschbach	Vit H1	2324	3.d		Niederösterreich
Hirtenberg	Ez  H1	396	3.d		Niederösterreich
Höbersdorf	Si  H1	2013	3.d		Niederösterreich
Hochfilzen	Hch	793	3.d		Tirol
Hochzirl	Hol	877	3.d		Tirol
Höflein a.d.Donau	Kz  H1	1118	3.d		Niederösterreich
Hohenau	Nh	1543	3.d		Niederösterreich
Hohenbrugg a.d.Raab	Feg H1	419	3.d		Steiermark
Hohenems	Hos	884	3.c		Vorarlberg
Hollabrunn	Oh	1617	3.c		Niederösterreich
Hollenegg	Dlb H1	282	3.d		Steiermark
Holzleithen	Otg H2	883	3.d		Oberösterreich
Hopfgarten	Hp	890	3.d		Tirol
Hopfgarten Berglift	Kit H3	2433	3.d		Tirol
Hörersdorf	Mb  H3	1372	3.d		Niederösterreich
Horn	Hna	855	3.d		Niederösterreich
Hörsching	Hoe	869	3.d		Oberösterreich
Hötzelsdorf-Geras	Hgr	829	3.d		Niederösterreich
Hüttau	Hue H1	5701084	3.d		Salzburg
Iglmühle	Nef H2	1516	3.d		Oberösterreich
Imsterberg	Im  H1	946	3.d		Tirol
Imst-Pitztal	Im	942	3.d		Tirol
Innsbruck Hbf	I	927	3.a		Tirol
Innsbruck Hötting	Ih	937	3.d		Tirol
Innsbruck Messe	H   H3	4872534	3.c		Tirol
Innsbruck Westbf	Wt	2512	3.d		Tirol
Inzing	Zl  H1	2568	3.d		Tirol
Irnfritz	Irn	947	3.d		Niederösterreich
Irschen	Od  H1	1604	3.d		Kärnten
Jedenspeigen	Due H1	302	3.d		Niederösterreich
Jedlersdorf	J	956	3.c		Wien
Jenbach	Jb	961	3.c		Tirol
Jennersdorf	Jd	968	3.d		Burgenland
Johnsbach im Nationalpark	Gb  H1	558	3.d		Steiermark
Jois	Pur H3H	1569	3.d		Burgenland
Judenburg	Jg	971	3.c		Steiermark
Judendorf-Straßengel	Gw  H1	748	3.c		Steiermark
Kaindorf a.d.Sulm	Wi  H2	699	3.c		Steiermark
Kainisch	Kai	995	3.d		Steiermark
Kaiserebersdorf	Kls	1059	3.c		Wien
Kalsdorf	Kal	997	3.c		Steiermark
Kalwang	Kag	992	3.d		Steiermark
Kamegg	Hna H3	1818	3.d		Niederösterreich
Kammern	Sei H1	1981	3.d		Steiermark
Kammer-Schörfling	Kms	1064	3.d		Oberösterreich
Kapellerfeld	Gef H1	571	3.d		Niederösterreich
Kapfenberg	Ka	990	3.c		Steiermark
Kapfenberg Fachhochschule	Mas H1H	1343	3.d		Steiermark
Kappel am Krappfeld	Tr  H1	2246	3.d		Kärnten
Kastenreith	Wey H1	2442	3.d		Oberösterreich
Katsdorf	Lu  H1	1281	3.d		Oberösterreich
Katzelsdorf	Nb  H1	1500	3.d		Niederösterreich
Kefermarkt	Kf	1024	3.d		Oberösterreich
Kematen in Tirol	Vl  H1	2330	3.d		Tirol
Kematen-Piberbach	Kek	1015	3.d		Oberösterreich
Kimpling	Neu H1	1529	3.d		Oberösterreich
Kindberg	Ki	1032	3.c		Steiermark
Kirchberg am Wagram	Kch	1007	3.c		Niederösterreich
Kirchberg in Tirol	Kit	1046	3.c		Tirol
Kirchbichl	Kir	1044	3.d		Tirol
Kirchdorf a.d.Krems	Kik	1039	3.c		Oberösterreich
Kirchstetten	Krt	1090	3.c		Niederösterreich
Kittsee	Ktt	1103	3.d		Burgenland
Kitzbühel	Kzb	1120	3.c		Tirol
Kitzbühel Hahnenkamm	Kzb H1	1121	3.d		Tirol
Klagenfurt Annabichl	Mal H1	1336	3.d		Kärnten
Klagenfurt Ebenthal	Gra H1	685	3.d		Kärnten
Klagenfurt Hbf	Kt	1098	3.b		Kärnten
Klagenfurt Lend	Kt  H1	1099	3.d		Kärnten
Klagenfurt Ostbf	Kto	1337	3.d		Kärnten
Klagenfurt Süd	Kts	5091980	3.d		Kärnten
Klagenfurt West	Kt  H2	5091977	3.d		Kärnten
Klamm-Schottwien	Eib H1	1093	3.d		Niederösterreich
Klaus	Kus	1111	3.d	Bestellung als Bedarfshalt iSd. § 121 EisbBBV gem. EisbSV nicht möglich 	Oberösterreich
Klaus in Vorarlberg	Rk  H2	1860	3.c		Vorarlberg
Kleblach-Lind	Kel	1016	3.d		Kärnten
Kledering	Za	2548	3.d		Niederösterreich
Kleinreifling	Kg	1031	3.d		Oberösterreich
Kleinzell	Nen H1	1520	3.d		Oberösterreich
Klosterneuburg-Kierling	Ken H1	1020	3.d		Niederösterreich
Klosterneuburg-Weidling	Ken	1019	3.d		Niederösterreich
Knittelfeld	Kd	1008	3.c		Steiermark
Köflach	Kfl	1029	3.d		Steiermark
Kolbnitz	Kl	1050	3.d		Kärnten
Köppling	Smk H1	2033	3.d		Steiermark
Korneuburg	Ko	1066	3.c		Niederösterreich
Köstendorf Weng	Nst H1	1576	3.d		Salzburg
Kothmühle	Ssm H1	2086	3.d		Oberösterreich
Kottingbrunn	Bvs H1	254	3.d		Niederösterreich
Kottingneusiedl	Enz H1	374	3.d		Niederösterreich
Köttmannsdorf Lambichl	Kt  H1A	5738657	3.d		Kärnten
Kranebitten	Ih  H2	939	3.d		Tirol
Kraubath	Kra	1078	3.d	Bestellung als Bedarfshalt iSd. § 121 EisbBBV gem. EisbSV nicht möglich 	Steiermark
Kreisbach	Trn H3	2257	3.d		Niederösterreich
Krems a.d.Donau	Kr	1076	3.c		Niederösterreich
Krems in Steiermark	Kro K1	1089	3.d		Steiermark
Kremsmünster	Kre	1084	3.d		Oberösterreich
Krenstetten-Biberbach	Ams H3	5	3.d		Niederösterreich
Krieglach	Ke	1014	3.d		Steiermark
Kritzendorf	Kz	1113	3.d		Niederösterreich
Kröllendorf	Ul  H1	2287	3.d		Niederösterreich
Krottenbachstraße	Ht  H2	903	3.c		Wien
Krottendorf-Ligist	Kro	1087	3.d		Steiermark
Krummnußbaum	Poe H1	1060	3.d		Niederösterreich
Krumpendorf	Krd	1082	3.c		Kärnten
Küb	Pr  H1	1742	3.d		Niederösterreich
Kuchl	Hl  H5	844	3.d		Salzburg
Kuchl Garnei	Hl  H3	1402938	3.c		Salzburg
Kufstein	K	984	3.c		Tirol
Kühnsdorf Klopeiner See	Khd	5012219	3.c		Kärnten
Kumpfmühl	Neu H2	1531	3.d		Oberösterreich
Küpfern Haltestelle	Rei H3	1416	3.d		Oberösterreich
Laa a.d.Thaya	Laa	1131	3.c		Niederösterreich
Lacken	Rog H1	1879	3.d		Oberösterreich
Ladendorf	Ldf	1566016	3.d		Niederösterreich
Lähn	Ler H1	1197	3.d		Tirol
Lahrndorf	Lf	1201	3.d		Oberösterreich
Lambach	La	1127	3.c		Oberösterreich
Lambach Markt	La  H1	1129	3.d		Oberösterreich
Landeck-Zams	Le	1180	3.c		Tirol
Langen am Arlberg	Lan	1149	3.c		Vorarlberg
Langenlebarn	Aw  H3	111	3.d		Niederösterreich
Langenlois	Lis	1234	3.d		Niederösterreich
Langenwang	Mz  H2	1489	3.c		Steiermark
Langenzersdorf	F   H2S	959	3.c		Niederösterreich
Lannach	Lnn	1252	3.c		Steiermark
Lanzendorf-Rannersdorf	Zs	2578	3.d		Niederösterreich
Lanzenkirchen	Kw	1112	3.d		Niederösterreich
Lasberg-St.Oswald	Kf  H1	1025	3.d		Oberösterreich
Laßnitzhöhe	Lah	1142	3.d		Steiermark
Laßnitzthal	Laz	1145	3.d		Steiermark
Lauffen	Gj  H1	600	3.d		Oberösterreich
Launsdorf-Hochosterwitz	Lad	1133	3.d		Kärnten
Lauterach	Lat	1274	3.c		Vorarlberg
Lauterach Unterfeld	Lwa	1289	3.c		Vorarlberg
Laxenburg-Biedermannsdorf	Lx	1290	3.d	Bestellung als Bedarfshalt iSd. § 121 EisbBBV gem. EisbSV nicht möglich 	Niederösterreich
Lebring	Wi  H1	2458	3.c		Steiermark
Ledenitzen	Fas H1	5270173	3.d		Kärnten
Lehen-Altensam	At  H1	92	3.d		Oberösterreich
Leibnitz	Lei	1193	3.c		Steiermark
Leithen	Hol H1	878	3.d		Tirol
Lend	Ld	1175	3.c		Salzburg
Lendorf	Ssn H1	2088	3.d		Kärnten
Lengau	Nst H2H	497	3.d		Oberösterreich
Lenzing	Lng	1248	3.d		Oberösterreich
Lenzing Ort	Lng H1	1250	3.d		Oberösterreich
Leoben Hbf	Leb	1183	3.c		Steiermark
Leoben Lerchenfeld	Ni  H1	5402655	3.d		Steiermark
Leobendorf-Burg Kreuzenstein	Ko  H1	1073	3.c		Niederösterreich
Leobersdorf	Lb	1161	3.c		Niederösterreich
Leogang	Saa H2	1920	3.d		Salzburg
Leogang-Steinberge	Saa H1	1919	3.d		Salzburg
Leonding	Lz  H1	1296	3.d		Oberösterreich
Leopoldau	Lp	1266	3.c		Wien
Lermoos	Ler	1196	3.d		Tirol
Lichendorf	Sd  H2	1968	3.d		Steiermark
Liebenfels Haltestelle	Vs  H2	2649	3.d		Kärnten
Lieboch	Lbo	1166	3.c		Steiermark
Lieboch Schadendorf	Lbo H1	1169	3.d		Steiermark
Lienz	Lie	1217	3.c		Tirol
Lienz-Peggetz	Lie H1	4749447	3.d		Tirol
Liesing	Lg	1205	3.c		Wien
Liezen	Ln	1243	3.c		Steiermark
Lilienfeld	Lil	1223	3.d		Niederösterreich
Lilienfeld Krankenhaus	Shr H1	492	3.d		Niederösterreich
Limberg-Maissau	Lim	1228	3.d		Niederösterreich
Lind-Rosegg	Vel H1	2312	3.d		Kärnten
Linz Ebelsberg	Ast H2	88	3.c		Oberösterreich
Linz Hbf	Lz	1293	3.a		Oberösterreich
Linz Oed	Lz  H1W	1297	3.d		Oberösterreich
Linz Pichling	Ast H1	87	3.d		Oberösterreich
Linz Urfahr	Uf	2280	3.d		Oberösterreich
Linz Wegscheid	Wd	2398	3.d		Oberösterreich
Lochau-Hörbranz	Lc	1170	3.d		Vorarlberg
Lödersdorf	Fb  H1	405	3.d		Steiermark
Loipersbach-Schattendorf	Ls	1270	3.d		Burgenland
Loosdorf	Los	1264	3.c		Niederösterreich
Losenstein	Lon	1261	3.d		Oberösterreich
Ludesch	Lt	1275	3.d		Vorarlberg
Lungitz	Lu	1280	3.d		Oberösterreich
Lustenau	Us	2297	3.c		Vorarlberg
Maishofen-Saalbach	Z   K1	2545	3.c		Salzburg
Mallnitz-Obervellach	Ma	1311	3.d		Kärnten
Mandling	Mdg	1385	3.d	Bestellung als Bedarfshalt iSd. § 121 EisbBBV gem. EisbSV nicht möglich 	Salzburg
Mannswörth	Msw	713	3.d		Niederösterreich
Marchegg	Mac	1318	3.c		Niederösterreich
Marchtrenk	Mak	1324	3.d		Oberösterreich
Maria Anzbach	Hu  H2	912	3.c		Niederösterreich
Maria Ellend	Mae	1319	3.d		Niederösterreich
Maria Lanzendorf	Mar	1341	3.d	Bestellung als Bedarfshalt iSd. § 121 EisbBBV gem. EisbSV nicht möglich 	Niederösterreich
Maria Rain	Mrn	1456	3.d		Kärnten
Maria Saal	Mal	1332	3.d		Kärnten
Mariahof-St.Lambrecht	Mah	1322	3.d	Bestellung als Bedarfshalt iSd. § 121 EisbBBV gem. EisbSV nicht möglich 	Steiermark
Markersdorf a.d.Pielach	Pd  H1	1675	3.d		Niederösterreich
Markt Paternion	Ro  H2	1873	3.d		Kärnten
Markt Sachsenburg	Kel H1	1018	3.d		Kärnten
Marktl	Lil H1	1226	3.d		Niederösterreich
Marz-Rohrbach	Mr  H1	1455	3.d		Burgenland
Matrei	Mei	1388	3.c		Tirol
Mattersburg	Mr	1454	3.c		Burgenland
Mattersburg Nord	Sau H2	1940	3.d		Burgenland
Mattighofen	Mho	1407	3.d		Oberösterreich
Mauerkirchen	Mau	1364	3.d		Oberösterreich
Mauer-Öhling	Ams H1	1240764	3.c		Niederösterreich
Mautbrücken	Gla H1	619	3.d		Kärnten
Mautern	Mu	1466	3.d		Steiermark
Mauthausen	Mh	1401	3.d		Oberösterreich
Melk	Los H1	1433	3.c		Niederösterreich
Micheldorf	Mid	1413	3.c		Oberösterreich
Micheldorf-Hirt	Fi  H1	436	3.d		Kärnten
Michelhausen	Tfd H1	1386	3.d		Niederösterreich
Miesenbach-Waidmannsfeld	Oed H1	1610	3.d		Niederösterreich
Mining	Mig	1418	3.d		Oberösterreich
Mistelbach	Mb	1370	3.c		Niederösterreich
Mistelbach Stadt	Mb  H1H	1945177	3.d		Niederösterreich
Mitterberghütten	Bo  H1	201	3.d		Salzburg
Mitterdorf-Veitsch	Mv	1476	3.d		Steiermark
Mittewald a.d.Drau	Abf K1	8	3.d		Tirol
Mittlern	Ble H2	176	3.d		Kärnten
Mixnitz-Bärenschützklamm	Mx	1479	3.d		Steiermark
Mödling	Md	1377	3.c		Niederösterreich
Mogersdorf	Mog	1442	3.d		Burgenland
Möllbrücke-Sachsenburg	Ssn	2087	3.d		Kärnten
Möllersdorf Aspangbahn	Guk H2	741	3.d		Niederösterreich
Moosbierbaum-Heiligeneich	Mos	1444	3.d		Niederösterreich
Mötz	Sts H1	2130	3.d		Tirol
Muckendorf-Wipfing	Aw  H2	110	3.d		Niederösterreich
Mühldorf-Möllbrücke	Kl  H1	1394	3.d		Kärnten
Mühlheim	Ath H1	96	3.d		Oberösterreich
Mühling	Wie H1	2461	3.d		Niederösterreich
Mühling-Plaika	Wie H2	2462	3.d		Niederösterreich
Münchendorf	Mue	1469	3.c		Niederösterreich
Munderfing	Mun	1475	3.d		Oberösterreich
Münster-Wiesing	Bri H1	218	3.d		Tirol
Mureck	Mug	1470	3.d		Steiermark
Mürzzuschlag	Mz	1485	3.c		Steiermark
Musau	Rt  H2	1893	3.d		Tirol
Nendeln	Nd	1507	3.d	Bestellung als Bedarfshalt iSd. § 121 EisbBBV gem. EisbSV nicht möglich 	Liechtenstein
Nenzing	Lt  K1	1278	3.d		Vorarlberg
Nettingsdorf	Net	1526	3.d		Oberösterreich
Neubau-Kreuzstetten	N	1495	3.d		Niederösterreich
Neudorf/Novo Selo	Par H1	1661	3.d		Burgenland
Neudörfl	Nel	1518	3.d		Burgenland
Neufelden	Nef	1514	3.d	Bestellung als Bedarfshalt iSd. § 121 EisbBBV gem. EisbSV nicht möglich 	Oberösterreich
Neuhaus a.d.Gail	Fn  H1	2356	3.d		Kärnten
Neuhaus-Niederwaldkirchen	Nen	1519	3.d	Bestellung als Bedarfshalt iSd. § 121 EisbBBV gem. EisbSV nicht möglich 	Oberösterreich
Neuhofen a.d.Krems	Nkr	1557	3.d		Oberösterreich
Neukirchen bei Lambach	La  H2	1130	3.d		Oberösterreich
Neukirchen-Gampern	Tm  H1	2229	3.d		Oberösterreich
Neulengbach	Nl	1558	3.d		Niederösterreich
Neulengbach Stadt	Hu  H4	914	3.c		Niederösterreich
Neumarkt a.d.Y-Karlsbach	Kar H1	2531	3.c		Niederösterreich
Neumarkt am Wallersee	Nsk	1578	3.c		Salzburg
Neumarkt in Steiermark	Nes	1524	3.d		Steiermark
Neumarkt-Kallham	Neu	1528	3.c		Oberösterreich
Neunkirchen N.Ö.	Nek	1517	3.c		Niederösterreich
Neuratting	Rd  H3	1827	3.d		Oberösterreich
Neusiedl am See	Ns	1568	3.c		Burgenland
Nickelsdorf	Nif	1551	3.d		Burgenland
Niederkreuzstetten	Snb H2	2042	3.d		Niederösterreich
Niedernfritz-St.Martin	Ebn H1	308	3.d		Salzburg
Niederöblarn	Mag H1	1321	3.d		Steiermark
Niklasdorf	Ni	1545	3.c		Steiermark
Nikolsdorf	Doe H1	292	-	Interessentenhaltestelle	Tirol
Nöstlbach-St.Marien	Net H1	1527	3.d		Oberösterreich
Nötsch	Noe	1564	3.d		Kärnten
Nußbach	Wak H1	2377	3.d		Oberösterreich
Nußdorf	Nf	1534	3.d		Wien
Nüziders	B   H1	117	3.d		Vorarlberg
Ober Piesting	Op	1626	3.d		Niederösterreich
Ober Radlberg	Ho  H1	862	3.d		Niederösterreich
Ober Waltersdorf	Ti  H1	2221	3.d		Niederösterreich
Oberalm	Aj  H5	1747	3.d		Salzburg
Oberbrunn	Otg H5	392	3.d		Oberösterreich
Oberdrauburg	Od	1603	3.d		Kärnten
Obereggendorf	Ed	314	3.d		Niederösterreich
Oberhart	Sth H1	2107	3.d		Oberösterreich
Oberhofen im Inntal	Zl  H3	1400441	3.d		Tirol
Oberhofen-Zell am Moos	Edb H1	318	3.d		Oberösterreich
Oberland Haltestelle	Ob  H1H	5275915	3.d		Oberösterreich
Obernberg-Altheim	Ath	95	3.d		Oberösterreich
Oberndorf in Tirol	Jti H1	981	3.d		Tirol
Oberolberndorf	Su  H1	2142	3.d		Niederösterreich
Obersdorf Haltestelle	Gef H3	573	3.c		Niederösterreich
Obersee	Oa  H2	1597	3.d		Oberösterreich
Oberthalheim-Timelkam	Vk  H1	2327	3.d		Oberösterreich
Obertrattnach-M Hofk	Gk  H1	603	3.d		Oberösterreich
Obertraun-Dachsteinhöhlen	Oa	1593	3.d		Oberösterreich
Obertraun-Koppenbrüllerhöhle	Au  H1	98	3.d		Oberösterreich
Oberweiden	On	1625	3.d		Niederösterreich
Öblarn	Oeb	1607	3.d		Steiermark
Oed	Oed	1609	3.d		Niederösterreich
Oepping	Oep	1611	3.d		Oberösterreich
Oftering	Hoe H1	870	3.d		Oberösterreich
Oisnitz-St.Josef	Lnn H1	1254	3.d		Steiermark
Ollersbach	Nl  H1	1559	3.d		Niederösterreich
Ortmann	Ort	1636	3.d		Niederösterreich
Ossiach-Bodensdorf	Oi	1618	3.d		Kärnten
Ottakring	Ok	1620	3.c		Wien
Ottensheim	Ott	1646	3.d		Oberösterreich
Ottnang-Wolfsegg	Otg	1643	3.d	Bestellung als Bedarfshalt iSd. § 121 EisbBBV gem. EisbSV nicht möglich 	Oberösterreich
Ötztal	Oz	1649	3.d		Tirol
Paasdorf	Ldf H1	1496	3.d		Niederösterreich
Pama/Bijelo Selo	Gtt H1	727	3.d		Burgenland
Parndorf/Pandrof	Par	1660	3.d		Burgenland
Parndorf Ort/Pandrof mjesto	Apo H1	1240762	3.c		Burgenland
Pasching	Lz  H2	1298	3.d		Oberösterreich
Passering	Tr  H2	2247	3.d		Kärnten
Paternion-Feistritz	Pf  H1	5078010	3.d		Kärnten
Patsch	I   H2	930	3.d	Ab Netzfahrplanperiode 2026 wird die Station nicht mehr angeboten.	Tirol
Paudorf	Pau	1665	3.d		Niederösterreich
Payerbach-Reichenau	Pr	1741	3.c		Niederösterreich
Peggau-Deutschfeistritz	Pg	1698	3.c		Steiermark
Perchtoldsdorf	Lg  H1	1206	3.d		Niederösterreich
Perg	P	1650	3.d		Oberösterreich
Perg Schulzentrum	Arb H1	81	3.d		Oberösterreich
Pernegg	Pn	1724	3.c		Steiermark
Pernitz Raimundviertel	Pem H1	1048281	3.d		Niederösterreich
Pernitz Wipfelhofstraße	Ort H1	1637	3.d		Niederösterreich
Pernitz-Muggendorf	Pem	1683	3.d		Niederösterreich
Petersbaumgarten	Sgk H1	2004	3.d		Niederösterreich
Peterskirchen	Pra H2	1748	3.d		Oberösterreich
Petronell-Carnuntum	Pet	1685	3.d		Niederösterreich
Pettenbach	Peb	1680	3.d		Oberösterreich
Petzenkirchen	Erf H1	382	3.d		Niederösterreich
Pfaffenschwendt	Hch H1	794	3.d		Tirol
Pfaffstätten	Bf	148	3.d		Niederösterreich
Pfarrwerfen	Rf  H1	1837	3.d		Salzburg
Pfennigbach	Gru H3	710	3.d		Niederösterreich
Pflach	Rt  H1	1891	3.d		Tirol
Pichl	Pic	1704	3.d		Steiermark
Piesting	Pie	1705	3.d		Niederösterreich
Piesting Harzwerk	Woe H2	1048252	3.d		Niederösterreich
Pill-Vomperbach	Sw  H1H	2162	3.d		Tirol
Pinggau Markt	Tau H1	2202	3.d		Steiermark
Pinsdorf	Gz  H1	753	3.d		Oberösterreich
Pitten	Ptt	1766	3.d		Niederösterreich
Plank am Kamp	Plk	1715	3.d		Niederösterreich
Platt	Gud H1	735	3.d		Niederösterreich
Pöchlarn	Poe	1725	3.c		Niederösterreich
Pöckau	Vw  H1	2357	3.d		Kärnten
Pöham	Ph	1702	3.d		Salzburg
Pölfing-Brunn	Bgl H1A	1695	3.d		Steiermark
Pöndorf	Fm  H1	475	3.d		Oberösterreich
Pörtschach am Wörthersee	Pow	1731	3.c		Kärnten
Pottenbrunn	Wgm	1762	3.d		Niederösterreich
Pottendorf-Landegg	Wp  H1	2501	3.d		Niederösterreich
Pottenstein a.d.Triesting	Pt	1759	3.d		Niederösterreich
Pottschach	Tn  H1	2233	3.d		Niederösterreich
Pram-Haag	Pra	1745	3.d		Oberösterreich
Preding-Wieselsdorf	Pwd	1789	3.c		Steiermark
Pregarten	Pre	1749	3.c		Oberösterreich
Premstätten-Tobelbad	Pms	1723	3.c		Steiermark
Pressbaum	Pm  H1	1719	3.d		Niederösterreich
Pressegger See	Ssv H2	724	3.d		Kärnten
Prinzersdorf	Pd	1674	3.d		Niederösterreich
Pritschitz	Krd H1	1083	3.d		Kärnten
Pruggern	Grb H1	687	3.d		Steiermark
Puch	Pf  H3	1692	3.d		Kärnten
Puch bei Hallein	Aj  H4	28	3.d		Salzburg
Puch Urstein	Aj  H3A	1402929	3.c		Salzburg
Puchberg am Schneeberg	Pub	1773	3.d		Niederösterreich
Puchenau	Uf  H1	2281	3.d		Oberösterreich
Puchenau West	Puw	1785	3.d		Oberösterreich
Pulgarn	Sy  H1	2183	3.d		Oberösterreich
Purbach am Neusiedlersee	Pur	1777	3.d		Burgenland
Pürbach-Schrems	Pue	1776	3.d		Niederösterreich
Pürgg	Rg  H1K	1844	3.d		Steiermark
Purgstall	Pus	1780	3.d	Bestellung als Bedarfshalt iSd. § 121 EisbBBV gem. EisbSV nicht möglich 	Niederösterreich
Purkersdorf Sanatorium	Hf  H4	808	3.c		Niederösterreich
Purkersdorf Zentrum	Upz	2290	3.d		Niederösterreich
Purkla	Gof H3	665	3.d		Steiermark
Pusarnitz	Uz	2301	3.d		Kärnten
Raaba	Mra	1391	3.d		Steiermark
Raasdorf	Raf	1811	3.c		Niederösterreich
Rabensburg	Nh  H1	1544	3.d		Niederösterreich
Radstadt	Rad	1809	3.d	Bestellung als Bedarfshalt iSd. § 121 EisbBBV gem. EisbSV nicht möglich 	Salzburg
Rainfeld-Kleinzell	Br  H1	854	3.d		Niederösterreich
Ramingdorf-Haidershofen	Rh	1846	3.d		Niederösterreich
Rankweil	Rk	1857	3.c		Vorarlberg
Rattenberg-Kramsach	Rdf H1	2359	3.d		Tirol
Redl-Zipf	Rz	1908	3.d		Oberösterreich
Regelsbrunn	Reg	1832	3.d		Niederösterreich
Reichraming	Rei	1834	3.d		Oberösterreich
Reith	Re	1831	3.d		Tirol
Rekawinkel	Rw	1904	3.c		Niederösterreich
Rennweg	Ren	1352	3.c		Wien
Retz	R	1801	3.d		Niederösterreich
Reutte in Tirol	Rt	1890	3.d		Tirol
Reutte in Tirol Schulzentrum	Bch H4	142	3.d		Tirol
Ried im Innkreis	Rd	1819	3.d	Bestellung als Bedarfshalt iSd. § 121 EisbBBV gem. EisbSV nicht möglich 	Oberösterreich
Riedau	Ri	1851	3.d		Oberösterreich
Riedenburg	Lat H1	1247	3.c		Vorarlberg
Rietz	Ts  H1	2260	3.d		Tirol
Rohr	Stu H1	2136	3.d		Steiermark
Rohrbach a.d.Gölsen	Hn  H1	853	3.d		Niederösterreich
Rohrbach-Berg	Rob	1876	3.d		Oberösterreich
Rohrbach-Vorau	Rv  H1	5865935	3.d		Steiermark
Rohr-Bad Hall	Rr	1885	3.d		Oberösterreich
Rohrendorf	Hfa H1	821	3.d		Niederösterreich
Roppen	Rop	1882	3.d		Tirol
Rosenau	Hk  H1	1886	3.d		Niederösterreich
Rosenbach	Rn	1867	3.d		Kärnten
Rosenburg	Hna H1	1816	3.d		Niederösterreich
Roßleithen	Piv H1	1708	3.d		Oberösterreich
Rothengrub	Wil H1A	1045853	3.d		Niederösterreich
Rothenthurn	Ro	1869	3.d		Kärnten
Rottenegg	Rog	1877	3.d	Bestellung als Bedarfshalt iSd. § 121 EisbBBV gem. EisbSV nicht möglich 	Oberösterreich
Rum	H   H2	756	3.c		Tirol
Saalfelden	Saa	1918	3.c		Salzburg
Saffen	Pus H2	1784	3.d		Niederösterreich
Salzburg Aigen	Aj	25	3.d		Salzburg
Salzburg Aiglhof	Sba	4384071	3.c		Salzburg
Salzburg Gnigl	Sr  H1	1265694	3.c		Salzburg
Salzburg Hbf	Sb	1943	3.a		Salzburg
Salzburg Kasern	Hw  H1	922	3.d		Salzburg
Salzburg Liefering	Lfg	1501642	3.c		Salzburg
Salzburg Mülln-Altstadt	Sbj	2433097	3.c		Salzburg
Salzburg Parsch	Sr  H2	2076	3.d		Salzburg
Salzburg Sam	Sbm H1	1376891	3.c		Salzburg
Salzburg Süd	Aj  H1	26	3.d		Salzburg
Salzburg Taxham Europark	Sbe	1402942	3.c		Salzburg
Sarasdorf	Goe H1	655	3.d		Niederösterreich
Sattendorf	Saf	1931	3.d		Kärnten
Sattledt	Sad	1927	3.d	Bestellung als Bedarfshalt iSd. § 121 EisbBBV gem. EisbSV nicht möglich 	Oberösterreich
Säusenstein	Poe H2	1061	3.d		Niederösterreich
Sautern-Schiltern	Ptt H1	1768	3.d		Niederösterreich
Saxen	Ax	112	3.d		Oberösterreich
Schaan-Vaduz	Nd  H1H	1509	3.d		Liechtenstein
Schaftenau	K   H1	985	3.d		Tirol
Schalchen-Mattighofen	Mun H1	5267955	3.d		Oberösterreich
Schärding	Sch	1965	3.c		Oberösterreich
Scharnitz	Snz	2045	3.d		Tirol
Scharnstein-Mühldorf	Ssm	2085	3.d	Bestellung als Bedarfshalt iSd. § 121 EisbBBV gem. EisbSV nicht möglich 	Oberösterreich
Schauboden	Wie H3	2463	3.d		Niederösterreich
Schauersberg	Scb	1964	3.d		Oberösterreich
Scheibbs	Sbs	1955	3.d		Niederösterreich
Scheiblingkirchen-Warth	Sgk	2002	3.d		Niederösterreich
Scheifling	Sf	1994	3.c		Steiermark
Schladming	Sdg	1970	3.c		Steiermark
Schlägl	Oep H1	1613	3.d		Oberösterreich
Schleinbach	Snb	2040	3.d		Niederösterreich
Schlierbach	Srb	2077	3.d		Oberösterreich
Schlins-Beschling	Lt  H2	1277	3.d		Vorarlberg
Schlöglmühl	Glo H1	629	3.d		Niederösterreich
Schloß Haus	Ga  H1	546	3.d		Oberösterreich
Schlüßlberg	Wa  H1	2366	3.d		Oberösterreich
Schönberg am Kamp	Sbk	1948	3.d	Bestellung als Bedarfshalt iSd. § 121 EisbBBV gem. EisbSV nicht möglich 	Niederösterreich
Schönborn-Mallebarn	Si  H2	2014	3.d		Niederösterreich
Schönfeld-Lassee	Sfl	1995	3.c		Niederösterreich
Schönwies	Ss	2079	3.d	Bestellung als Bedarfshalt iSd. § 121 EisbBBV gem. EisbSV nicht möglich 	Tirol
Schrambach	Shr	493	3.d		Niederösterreich
Schützen am Gebirge	Sag	1933	3.d		Burgenland
Schützen Ruster Straße	Sag H1	1779	3.d		Burgenland
Schwanenstadt	Sas	1936	3.c		Oberösterreich
Schwarzach in Vorarlberg	Do  H2	287	3.d		Vorarlberg
Schwarzach-St.Veit	Swa	2169	3.c		Salzburg
Schwarzenau	Swu	2179	3.d		Niederösterreich
Schwarzsee	Kzb H2	1122	3.d		Tirol
Schwaz	Sw	2160	3.c		Tirol
Schwechat	Gs	711	3.c		Niederösterreich
Schwertberg	Swb	2173	3.d		Oberösterreich
Sebersdorf	Seb	1972	3.d	Bestellung als Bedarfshalt iSd. § 121 EisbBBV gem. EisbSV nicht möglich 	Steiermark
Seebenstein	Ses	1989	3.d		Niederösterreich
Seefeld in Tirol	Set	1991	3.c		Tirol
Seekirchen am Wallersee	See	1976	3.d		Salzburg
Seekirchen Stadt	See H1H	5012185	3.c		Salzburg
Selzthal	Sl	2023	3.c		Steiermark
Semmering	Sem	1984	3.d		Niederösterreich
Seyring	Gef H2	572	3.d		Niederösterreich
Siebenbrunn-Leopoldsdorf	Sbl	1950	3.c		Niederösterreich
Siebenhirten	Mb  H2H	1371	3.d		Niederösterreich
Siebenmühlen-Rosenau	Lng H2	1251	3.d		Oberösterreich
Siemensstraße	F   H1	399	3.c		Wien
Sierndorf	Si	2012	3.d		Niederösterreich
Sierndorf a.d.March	Due H2	303	3.d		Niederösterreich
Sigmundsherberg	Sh	2009	3.d		Niederösterreich
Silberwald	Str H1	2126	3.c		Niederösterreich
Sillian	Sil	2015	3.d		Tirol
Silz	Siz	2018	3.d		Tirol
Sitzenberg-Reidling	Mos H2H	1450	3.d		Niederösterreich
Skiflugschanze Kulm	Ku  H1	1106	3.d	Halt in der Verkehrsstation wird nur im Rahmen von Großveranstaltungen angeboten	Steiermark
Söchau	Sou	2051	3.d	Bestellung als Bedarfshalt iSd. § 121 EisbBBV gem. EisbSV nicht möglich 	Steiermark
Söding-Mooskirchen	Smk	2032	3.d		Steiermark
Sollenau	Lb  H1	1240760	3.d		Niederösterreich
Sölling	Pus H1	1783	3.d		Niederösterreich
Sonntagberg	Hk  H2	1888	3.d		Niederösterreich
Spielberg	Kd  H1	1013	3.d	Halt in der Verkehrsstation wird nur im Rahmen von Großveranstaltungen angeboten. Ab Netzfahrplanperiode 2027 wird die Station voraussichtlich nicht mehr angeboten.	Steiermark
Spielfeld-Straß	Sd	1966	3.d		Steiermark
Spillern	Ko  H2	1074	3.d		Niederösterreich
Spital am Pyhrn	Spi	2066	3.d		Oberösterreich
Spital am Semmering	Sps	2072	3.d		Steiermark
Spittal-Millstättersee	Stt	2131	3.c		Kärnten
St.Paul im Lavanttal	Lav	5705364	3.c		Kärnten
St.Pölten Bildungscampus	Spr H3	5743597	3.d		Niederösterreich
St.Andrä im Lavanttal	An	64	3.d		Kärnten
St.Andrä-Wördern	Aw	100	3.c		Niederösterreich
St.Anton am Arlberg	Ao	71	3.c		Tirol
St.Egyden	Nb  H1S	333	3.d		Niederösterreich
St.Georgen a.d.Gusen	Sge	1999	3.c		Oberösterreich
St.Georgen a.d.Gusen Ort	Sge H1	2000	3.d		Oberösterreich
St.Georgen a.d.Mattig	Mau H1	1366	3.d		Oberösterreich
St.Georgen am Längsee	Lad H1	1134	3.d		Kärnten
St.Georgen am Steinfelde	Wm  H1	2485	3.d		Niederösterreich
St.Georgen ob Judenburg	Tel H1	2212	3.d		Steiermark
St.Jodok	Sti H1	2110	3.d		Tirol
St.Johann i.d.Haide	Gd  H1	972	3.d		Steiermark
St.Johann im Pongau	Jp	973	3.d		Salzburg
St.Johann in Tirol	Jti	978	3.c		Tirol
St.Johann-Weistrach	Spw H1	2055	3.d		Niederösterreich
St.Marein-St.Lorenzen	Mas	1342	3.d		Steiermark
St.Martin bei Traun	Wd  H1	2399	3.d		Oberösterreich
St.Martin i.S.-Bergla	Bgl	156	3.d		Steiermark
St.Martin im Innkreis	Mn	1439	3.d	Bestellung als Bedarfshalt iSd. § 121 EisbBBV gem. EisbSV nicht möglich 	Oberösterreich
St.Martin-Sittich	Sms	2036	3.d		Kärnten
St.Michael	M	1304	3.c		Steiermark
St.Michael ob Bleiburg/Smihel nad Pliberkom	Ble H1	175	3.d		Kärnten
St.Nikola-Struden	Nk	1555	3.d		Oberösterreich
St.Pantaleon Pyburg	Mh  H1	1405	3.d		Oberösterreich
St.Peter im Sulmtal	Dlb H3	2176	3.d		Steiermark
St.Peter-Seitenstetten	Sp	2054	3.c		Niederösterreich
St.Pölten Hbf	Pb	1669	3.b		Niederösterreich
St.Pölten Traisenpark	Vn  H1	1253979	3.d		Niederösterreich
St.Pölten-Kaiserwald	Pl	1714	3.d		Niederösterreich
St.Pölten-Porschestraße	Spr H2	2070	3.d		Niederösterreich
St.Stefan im Lavanttal	Ssl	2082	3.d		Kärnten
St.Stefan-Vorderberg	Ssv	2089	3.d		Kärnten
St.Urban am Ossiachersee	Oi  H1	1619	3.d		Kärnten
St.Valentin	Sv	2150	3.c		Niederösterreich
St.Veit a.d.Glan	Vps	2345	3.c		Kärnten
St.Veit a.d.Glan-West	Vs	2352	3.d		Kärnten
St.Veit a.d.Gölsen	Br  H2	2317	3.d		Niederösterreich
St.Veit a.d.Triesting	Ez  H2	397	3.d		Niederösterreich
Staatz	Enz K1	375	3.d		Niederösterreich
Stadl-Paura	Stp	2123	3.d	Bestellung als Bedarfshalt iSd. § 121 EisbBBV gem. EisbSV nicht möglich. Die voraussichtliche Übernahme der Betriebsführung durch die Lokalbahn Lambach-Vorchdorf-Eggenberg ist ca. im ersten Halbjahr 2027 geplant.	Oberösterreich
Stadt Haag	Spw H2	763	3.c		Niederösterreich
Stadt Rottenmann	Rms	1864	3.d		Steiermark
Stadt Waidhofen a.d.Ybbs	Wh  H1	2453	3.d		Niederösterreich
Stainach-Irdning	Rg	1842	3.c		Steiermark
Stams	Sts	2129	3.d		Tirol
Stans	Sns H1	962	3.d		Tirol
Statzendorf	Stf	2102	3.d		Niederösterreich
Steeg-Gosau	Stg	2104	3.d	Bestellung als Bedarfshalt iSd. § 121 EisbBBV gem. EisbSV nicht möglich 	Oberösterreich
Stein a.d.Enns	Oeb H1	1608	3.d		Steiermark
Steinach in Tirol	Sti	2108	3.c		Tirol
Steinbachbrücke	Sbb	1946	3.d	Bestellung als Bedarfshalt iSd. § 121 EisbBBV gem. EisbSV nicht möglich 	Oberösterreich
Steindorf am Ossiachersee	Sos	2050	3.d		Kärnten
Steindorf bei Straßwalchen	Nst	1575	3.c		Salzburg
Steinfeld im Drautal	Std	2100	3.d		Kärnten
Steinhaus	Sem H1	1985	3.d		Steiermark
Steinhaus bei Wels	Sth	2105	3.d	Bestellung als Bedarfshalt iSd. § 121 EisbBBV gem. EisbSV nicht möglich 	Oberösterreich
Steinkogel	Law H2	1160	3.d		Oberösterreich
Steyr	Stb	2099	3.c		Oberösterreich
Steyr Münichholz	Sbw H1	1849	3.d		Oberösterreich
Steyregg	Sy	2182	3.d		Oberösterreich
Stiefern	Plk H2	2121	3.d		Niederösterreich
Stillfried	Ag  H1	16	3.d		Niederösterreich
Stockerau	Su	2140	3.c		Niederösterreich
Strasshof Haltestelle	Shf	2449	3.c		Niederösterreich
Straßwalchen	Stw	2139	3.d	Bestellung als Bedarfshalt iSd. § 121 EisbBBV gem. EisbSV nicht möglich 	Salzburg
Straßwalchen West	Nsw	4943254	3.d		Salzburg
Stübing	Pg  H1	1699	3.d		Steiermark
Studenzen-Fladnitz	Stu	2134	3.d		Steiermark
Suben	Ant H2	70	3.d		Oberösterreich
Sulz-Röthis	Rk  H1	1859	3.d		Vorarlberg
Summerau	Smr	2034	3.d		Oberösterreich
Takern-St.Margarethen	Tak	625	3.d		Steiermark
Tallesbrunn	Gae H2	551	3.d		Niederösterreich
Tassenbach	Sil H2	2016	3.d		Tirol
Tattendorf	Tat	2199	3.d	Bestellung als Bedarfshalt iSd. § 121 EisbBBV gem. EisbSV nicht möglich 	Niederösterreich
Tauchendorf-Haidensee	Lif H1	1222	3.d		Kärnten
Tauchen-Schaueregg	Tau	2201	3.d	Bestellung als Bedarfshalt iSd. § 121 EisbBBV gem. EisbSV nicht möglich 	Steiermark
Taufkirchen a.d. Pram	Tp	2236	3.d		Oberösterreich
Tauplitz	Ku	1105	3.d		Steiermark
Taxenbach-Rauris	Ta	2193	3.c		Salzburg
Teesdorf	Tat H1	2208	3.d		Niederösterreich
Teichstätt	Nst H3H	498	3.d		Oberösterreich
Telfs-Pfaffenhofen	Ts	2259	3.c		Tirol
Tenneck	Gg  K2	588	3.d		Salzburg
Terfens-Weer	Sw  H2	2161	3.d		Tirol
Ternberg	Te	2209	3.d		Oberösterreich
Ternitz	Tn	2232	3.c		Niederösterreich
Thal	Tl	2227	3.d		Tirol
Thalheim-Pöls	Tel	2211	3.d		Steiermark
Theresienfeld	Fld H1	467	3.d		Niederösterreich
Thörl-Maglern	Th	2216	3.d		Kärnten
Tiffen	Fel H1	427	3.d		Kärnten
Timelkam	Tm	2228	3.d	Bestellung als Bedarfshalt iSd. § 121 EisbBBV gem. EisbSV nicht möglich 	Oberösterreich
Tisis	To  H1	457	3.d	Ab Netzfahrplanperiode 2027 wird die Station voraussichtlich nicht mehr angeboten. (Ersatz wird die neue Station Tosters)	Vorarlberg
Tosters	To	5309315	folgt	Ab voraussichtlich Netzfahrplanperiode 2027 wird die Station angeboten (Ersatz für Tisis)	Vorarlberg
Töschling	Pow H1	1732	3.d		Kärnten
Traisen	Trn	2254	3.d		Niederösterreich
Traisen Markt	Lil H2	1227	3.d		Niederösterreich
Traiskirchen Aspangbahn	Ti	2218	3.d	Bestellung als Bedarfshalt iSd. § 121 EisbBBV gem. EisbSV nicht möglich 	Niederösterreich
Traismauer	Tra	2251	3.d		Niederösterreich
Trasdorf	Mos H1	1448	3.d		Niederösterreich
Trattenbach	Te  H1	2210	3.d		Oberösterreich
Traun	T	2190	3.c		Oberösterreich
Traunkirchen	Tk	2226	3.d		Oberösterreich
Traunkirchen Ort	En  H2	365	3.d		Oberösterreich
Trautmannsdorf a.d.L.	Goe H1A	657	3.d		Niederösterreich
Traxenbichl	Tx	2275	3.d		Oberösterreich
Treibach-Althofen	Tr	2245	3.c		Kärnten
Trieben	Tb	2203	3.d		Steiermark
Trumau	Ti  K1	2220	3.d	Bestellung als Bedarfshalt iSd. § 121 EisbBBV gem. EisbSV nicht möglich 	Niederösterreich
Tulln an der Donau	Tu	2262	3.c		Niederösterreich
Tulln Stadt	Tus	2269	3.c		Niederösterreich
Tullnerbach-Pressbaum	Pm	1718	3.c		Niederösterreich
Tullnerfeld	Tfd	4384321	3.c		Niederösterreich
Übersbach	Fue H1	514	3.d		Steiermark
Ulmerfeld-Hausmening	Ul	2284	3.d		Niederösterreich
Ulrichsbrücke-Füssen	Rt  H3	1894	3.d		Tirol
Ulrichskirchen	Wol H1	2498	3.d		Niederösterreich
Unter Höflein	Wil H1	2467	3.d		Niederösterreich
Unter Purkersdorf	Up	2289	3.c		Niederösterreich
Unter Radlberg	Hor	863	3.d		Niederösterreich
Unter Tullnerbach	Up  H2	2291	3.d		Niederösterreich
Unterberg-Stefansbrücke	I   H1	929	3.d	Ab Netzfahrplanperiode 2026 wird die Station nicht mehr angeboten.	Tirol
Untereggendorf	Ef  H1	327	3.d		Niederösterreich
Unterhart	Uh	2282	3.d		Oberösterreich
Unterkritzendorf	Ken H2	1021	3.d		Niederösterreich
Unterretzbach	R   H1H	2968346	3.d		Niederösterreich
Untersiebenbrunn	Sbl H1	1952	3.d		Niederösterreich
Unzmarkt	Um	2288	3.c		Steiermark
Urschendorf	Wz  H1	2528	3.d		Niederösterreich
Uttendorf-Helpfau	Mho H2	1409	3.d		Oberösterreich
Velden am Wörthersee	Vel	2310	3.c		Kärnten
Vellach-Khünburg	Ssv H3	725	3.d		Kärnten
Viechtwang	Viw	2325	3.d		Oberösterreich
Viehofen	Vn	2334	3.d		Niederösterreich
Vienna Biocenter-St.Marx	Nw  H1H	1251757	3.c		Wien
Villach Hbf	Vb	2306	3.b		Kärnten
Villach Hbf-Autoverladestelle	Vba	1474	3.d		Kärnten
Villach Landskron	Ru  H1	5402526	3.d		Kärnten
Villach Seebach	Foe H1	483	3.d		Kärnten
Villach St.Ruprecht	Ru	1895	3.d		Kärnten
Villach Warmbad	Vf  H1	2316	3.d		Kärnten
Villach Westbf	Vf	2315	3.c		Kärnten
Vils Stadt	Vi  H1A	5231615	3.d		Tirol
Vitis	Vit	2323	3.d		Niederösterreich
Vöcklabruck	Vk	2326	3.c		Oberösterreich
Vöcklamarkt	Vm	2333	3.d		Oberösterreich
Voitsberg	Vob	2339	3.c		Steiermark
Voitsdorf	Voi	2340	3.d	Bestellung als Bedarfshalt iSd. § 121 EisbBBV gem. EisbSV nicht möglich 	Oberösterreich
Volders-Baumkirchen	Fw  H1	518	3.d		Tirol
Völs	Vl	2329	3.d		Tirol
Wagram-Grafenegg	Fs  H1	507	3.d		Niederösterreich
Waidhofen a.d.Ybbs	Wh	2452	3.d		Niederösterreich
Wald am Schoberpaß	Was	2386	3.d		Steiermark
Waldegg	Wag	2372	3.d		Niederösterreich
Waldegg-Dürnbach	Wag H1	1252109	3.d		Niederösterreich
Walding	Ott H1	1647	3.d		Oberösterreich
Wallersee	Nst H2	1577	3.d		Salzburg
Wampersdorf	Wp	2499	3.c		Niederösterreich
Wankham	Ak  H1	37	3.d		Oberösterreich
Wartberg a.d.Krems	Wak	2375	3.c		Oberösterreich
Wartberg im Mürztal	War	2385	3.c		Steiermark
Weikendorf-Dörfles	Gae H1	549	3.d		Niederösterreich
Weissenbach-Neuhaus	Web	2409	3.d		Niederösterreich
Weißenbach-St.Gallen	Weg	2415	3.d		Steiermark
Weissenstein-Kellerberg	Pf  H2	1691	3.d		Kärnten
Weitersfeld a.d.Mur	Wem	2420	3.d		Steiermark
Weitlanbrunn	Sc  H3	1963	3.d		Tirol
Weizelsdorf	Wef	2412	3.d		Kärnten
Wels Hbf	We	2401	3.b		Oberösterreich
Wels Lokalbahn	Wl	2480	3.d		Oberösterreich
Wels Messe	Wl  H1	2482	3.d		Oberösterreich
Wendling	Neu H1P	1530	3.d		Oberösterreich
Werfen	Rf	1836	3.c		Salzburg
Werndorf	Wr	2504	3.c		Steiermark
Wernstein	Sch H1	2426	3.d		Oberösterreich
Westendorf	Kit H1H	2431	3.d		Tirol
Weststeiermark	Wst	5705361	3.c		Steiermark
Wettmannstätten	Wtt	1791	3.c		Steiermark
Weyer	Wey	2441	3.d		Oberösterreich
Wiederndorf-Aich/Vidra vas-Dob	Wia	5012210	3.d		Kärnten
Wien Aspern Nord	Sty	4773541	3.c		Wien
Wien Atzgersdorf	Lga	115	3.c		Wien
Wien Blumental	Id	934	3.d		Wien
Wien Breitensee	Ok  H1	1621	3.c		Wien
Wien Brünner Straße	Bse	400	3.c		Wien
Wien Erzherzog Karl-Straße	Stk	2095	3.c		Wien
Wien Floridsdorf	F	398	3.b		Wien
Wien Franz-Josefs-Bf	Wf	2444	3.d		Wien
Wien Grillgasse	Sg	1998	3.c		Wien
Wien Hadersdorf	Hf  H2	805	3.c		Wien
Wien Haidestraße	Wbf H2	2396	3.d		Wien
Wien Hauptbahnhof	Wbf	2393	3.a		Wien
Wien Hauptbahnhof Südtiroler Platz	Wsp	4773103	3.a		Wien
Wien Heiligenstadt	Ht	901	3.c		Wien
Wien Hetzendorf	Het	1348	3.c		Wien
Wien Hirschstetten	Stc	2096	3.c		Wien
Wien Hütteldorf	Hf	804	3.c		Wien
Wien Matzleinsdorfer Platz	Wbf H1S	1349	3.c		Wien
Wien Meidling	Mi	1410	3.a		Wien
Wien Mitte	Hz	926	3.c		Wien
Wien Mitte - CAT	Cat	4747985	3.c		Wien
Wien Oberdöbling	Ht  H1	902	3.c		Wien
Wien Penzing	Pz	1797	3.c		Wien
Wien Praterkai	El  H1	353	3.d		Wien
Wien Praterstern	Nw	1584	3.b		Wien
Wien Quartier Belvedere	Wwb	1351	3.c		Wien
Wien Simmering	Wbf H1	4741048	3.c		Wien
Wien Speising	Hf  H1A	806	3.d		Wien
Wien Spittelau	Wf  H1	2446	3.c		Wien
Wien Stadlau	El  H3	4407597	3.c		Wien
Wien Strebersdorf	Sdf	1969	3.d		Wien
Wien Süßenbrunn	Sue	2145	3.c		Wien
Wien Traisengasse	Nw  H1	1585	3.c		Wien
Wien Weidlingau	Hf  H3	807	3.c		Wien
Wien Westbf	Ws	2511	3.a		Wien
Wien Wolf in der Au	Hf  H1	2968384	3.c		Wien
Wiener Neustadt Anemonensee	Nb  H1A	1501	3.d		Niederösterreich
Wiener Neustadt Civitas Nova	Ed  H1	315	3.d		Niederösterreich
Wiener Neustadt Hbf	Nb	1499	3.b		Niederösterreich
Wiener Neustadt Nord	Fld H2	468	3.d		Niederösterreich
Wies Markt	Bgl H2	1696	3.d		Steiermark
Wies-Eibiswald	Wew	2440	3.d		Steiermark
Wieselburg a.d.Erlauf	Wie	2459	3.d		Niederösterreich
Wiesenfeld-Schwarzenbach	Br  H3	2318	3.d		Niederösterreich
Wiesen-Sigleß	Sau H1	1941	3.d		Burgenland
Wiesmühle	Gdf H1	564	3.d		Oberösterreich
Wildon	Wi	2456	3.d		Steiermark
Wildungsmauer	Reg H1	1833	3.d		Niederösterreich
Wilfleinsdorf	Goe H2	656	3.d		Niederösterreich
Wilfling	Voi H2	2342	3.d		Oberösterreich
Wilhelmsburg a.d.Traisen	Wm	2484	3.d		Niederösterreich
Willendorf	Wil	2466	3.d		Niederösterreich
Windau	Kit H2	2432	3.d		Tirol
Winden	Pur H2H	1570	3.d		Burgenland
Windischgarsten	Win	2468	3.d	Bestellung als Bedarfshalt iSd. § 121 EisbBBV gem. EisbSV nicht möglich 	Oberösterreich
Winzendorf	Wz	2527	3.d	Bestellung als Bedarfshalt iSd. § 121 EisbBBV gem. EisbSV nicht möglich 	Niederösterreich
Wittmannsdorf	Wit	2469	3.d		Niederösterreich
Wolfsberg	Wog	2494	3.c		Kärnten
Wolfsberg Reding	Wog H1	2496	3.d		Kärnten
Wolfsbergkogel	Bt  H1	249	3.d		Niederösterreich
Wolfshütte	At  H2	93	3.d		Oberösterreich
Wolfsthal	Wof	2493	3.d		Niederösterreich
Wolfurt	Wo	2491	3.c		Vorarlberg
Wolkersdorf	Wol	2497	3.c		Niederösterreich
Wöllersdorf	Woe	2492	3.d		Niederösterreich
Wöllersdorf Marchgraben	Woe H1A	1265698	3.d		Niederösterreich
Wopfing	Op  H1	1630	3.d		Niederösterreich
Wörgl Hbf	W	2358	3.b		Tirol
Wörgl Kundl	Kn	1065	3.d		Tirol
Wörgl Süd - Bruckhäusl	Hp  H1	216	3.d		Tirol
Wörschach Schwefelbad	Ln  H1	2397	3.d		Steiermark
Wulkaprodersdorf Rathausgasse/Vulkaprodrstof Rathausgasse	Wul H1H	306	3.d		Burgenland
Ybbs a.d.Donau	Y	2529	3.c		Niederösterreich
Zeiselmauer-Königstetten	Aw  H1	109	3.d		Niederösterreich
Zell a.d.Pram	Ri  H1	1852	3.d		Oberösterreich
Zell am See	Z	2543	3.c		Salzburg
Zellerndorf	Zd	2550	3.d		Niederösterreich
Zeltweg	Zg	2556	3.c		Steiermark
Zentralfriedhof	Cf	263	3.c		Wien
Ziersdorf	Zf	2554	3.d		Niederösterreich
Zirl	Zl	2567	3.d		Tirol
Zöbing	Sbk H1	1949	3.d		Niederösterreich
Zurndorf	Zu	2580	3.d		Burgenland
